[
  {
    "title": "Kickoff Meeting",
    "start": "2025-09-15T18:00:00-04:00",
    "end": "2025-09-15T19:00:00-04:00",
    "location": "Hawthorn Building, Room TBD",
    "description": "Introduction to PSFA, program overview, and Q&A."
  },
  {
    "title": "Valuation 101 Workshop",
    "start": "2025-09-22T18:00:00-04:00",
    "end": "2025-09-22T19:30:00-04:00",
    "location": "Smeal College \u2013 Lab Room",
    "description": "DCF basics, comparables, and a short case study."
  },
  {
    "title": "Stock Pitch Night #1",
    "start": "2025-10-01T18:00:00-04:00",
    "end": "2025-10-01T20:00:00-04:00",
    "location": "Campus Auditorium",
    "description": "First round of semester-long stock pitch competition."
  }
]