{
  "holdings": [
    {
      "ticker": "AAPL",
      "name": "Apple Inc.",
      "weight": 18.0,
      "thesis": "Ecosystem lock\u2011in and services growth."
    },
    {
      "ticker": "MSFT",
      "name": "Microsoft Corp.",
      "weight": 18.0,
      "thesis": "Cloud leadership; durable enterprise demand."
    },
    {
      "ticker": "NVDA",
      "name": "NVIDIA Corp.",
      "weight": 16.0,
      "thesis": "AI accelerator leadership; software stack moat."
    },
    {
      "ticker": "GOOGL",
      "name": "Alphabet Inc.",
      "weight": 14.0,
      "thesis": "Search cash flows fund AI and cloud optionality."
    },
    {
      "ticker": "AMZN",
      "name": "Amazon.com Inc.",
      "weight": 12.0,
      "thesis": "AWS and retail margin expansion."
    },
    {
      "ticker": "V",
      "name": "Visa Inc.",
      "weight": 10.0,
      "thesis": "Global payments network effects."
    },
    {
      "ticker": "BRK.B",
      "name": "Berkshire Hathaway",
      "weight": 12.0,
      "thesis": "Diversified cash flows; capital allocation."
    }
  ]
}